ID,Name,Type,Affiliation,Desc,imgId,videoId
1,Сокіл-160,Фугасний,Розвідка,"Загальна вага - 160г, Маса корпусу - 45г, Вибухова речовина - 115г",sokil160,
2,Сокіл-250,Осколковий,Розвідка,"Загальна вага - 0,25 кг, Корпус - 50 г, Осколки - 170 г, Вибухова речовина - 30 г(С4)",sokil,
3,Геліос-500,Запалювальний,Розвідка,"Загальна вага - 510 г, Запалювальна суміш - 410 мл (Напалм)",helios500,
4,Бурчик,Осколковий,Розвідка,"Загальна вага - 0,5 кг, Боєприпас М77 - 230 г, Осколки - 170 г, Корпус - 50 г, Вибухова речовина - 40 г(С4)",burchuk,
5,Ф-1,Фугасний,FPV,"Загальна вага - 1 кг, Пластик: Корпус - 90 г, Вибухова речовина - 910 г(Кемікс+тротил і проміжний С-4), Метал: Корпус - 350 г, Вибухова речовина - 650 г (Кемікс+тротил і проміжний С-4)",fugas1,
6,"Ф-1,5",Фугасний,FPV,"Загальна вага - 1,5 кг, Пластик: Корпус - 100 г, Вибухова речовина - 1400 г (Кемікс+тротил і проміжний С-4), Метал: Корпус - 645 г, ВР - 760 г (Кемікс+тротил і проміжний С-4)",fugas15,
7,Ф-2,Фугасний,FPV,"Загальна вага - 2 кг, Пластик: Корпус - 120 г, Вибухова речовина - 1880 г(Кемікс+тротил і проміжний С-4), Метал (Алюміній): Корпус - 810 г, Вибухова речовина - 1190 г (Кемікс+тротил і проміжний С-4), Метал (Сталь): Корпус - 850 г, Вибухова речова - 1040 г (Кемікс+тротил і проміжний С-4)",fugas2,
8,"Ф-2,5",Фугасний,FPV,"Загальна вага - 2,5 кг, Корпус - 130 г, Вибухова речовина - 2370 г(Кемікс+тротил)",fugas25,
9,Осколок-1,Осколковий,FPV,"Загальна вага - 1кг, Корпус - 100 г, Осколки (+ епоксид) - 820 г, Вибухова речовина - 80г(С4)",ulamokKruh1,
10,"Осколок-1,3",Осколковий,FPV,"Загальна вага - 1,3 кг, Корпус - 100 г. Осколки (+ епоксид) - 1090 г. Вибухова речовина (С4) - 110 г.",ulamok1300,
11,"Осколок-1,5",Осколковий,FPV,"Загальна вага - 1,5 кг, Корпус - 110 г. Осколки (+ епоксид) - 1270 г. Вибухова речовина (С4) - 120 г.",ulamok1500,
12,"Осколок-2,0",Осколковий,FPV,"Загальна вага - 2 кг, Корпус - 120 г. Осколки (+ епоксид) - 1710 г. Вибухова речовина (С4) - 170 г.",ulamok2000,
13,"Осколок-2,5",Осколковий,FPV,"Загальна вага - 2,5 кг, Корпус - 130 г. Осколки (+ епоксид) - 2160 г. Вибухова речовина (С4) - 210 г.",ulamok25,
14,MU-12,Осколковий,FPV,"Загальна вага - 1,2 кг. Кількість осколків - 1700 шт. Радіус суцільного ураження - 25 м",mu12,
15,MU-16,Осколковий,FPV,"Загальна вага - 1,6 кг, Кількість осколків - 2240 шт, Радіус суцільного ураження - 30 м",mu16,
16,MU-24,Осколковий,FPV,"Загальна вага - 2,4 кг, Кількість осколків - 3500 шт, Радіус суцільного ураження - 50 м",mu24,
17,"УАБК-1,5-А",Осколковий,FPV,"Загальна вага - 1,5 кг, Корпус - 370 г, Осколки - 880 г, Вибухова речовина - 250 г(Анемікс П)",uabk15,
18,"УАБК-2,0-А",Осколковий,FPV,"Загальна вага - 2 кг, Корпус - 520 г, Осколки - 1130 г, Вибухова речовина - 350 г(Анемікс П)",uabk20,
19,"УАБК-2,5-А",Осколковий,FPV,"Загальна вага - 2,5 кг, Маса осколків - 1400гр, Вибухова речовина - 490 г(АНЕМІКС-П)",uabk25a,
20,МОА "Композит" 61/7,Осколковий,FPV,"Загальна вага  - 1,400 кг, Маса осколків - 1,130 кг, Вибухова речовина - 300 г(ПВВ-5А)",moakompozut617,
21,OG-7V,Осколковий,FPV,"Загальна вага - 1230 г",og7v,
22,Міна 60 мм,Осколково-фугасний,FPV,"Загальна вага - 1,2-1,4 кг, Вибухова речовина - 200 г",mina60,
23,Міна 82 мм,Осколково-фугасний,FPV,"Загальна вага - 2650 г, Корпус - 2250 г, Вибухова речовина - 400 г",mina82,
24,ПГ-7С,Кумулятивний,FPV,"Загальна вага - 880 г. Вибухова речовина - 300 г.",pg7s,
25,ПГ-7С1,Кумулятивний,FPV,"Загальна вага - 870 г, Додатковий проміжний детонатор 50 г (Вибухова речовина С-4)",pg7s1,
26,ПГ-7М,Кумулятивний,FPV,"Загальна вага - 850 г",pg7m,
27,ПГ-9,Кумулятивний,FPV,"Загальна вага - 950 г, Додатковий проміжний детонатор 50 г (Вибухова речовина С-4)",pg9,
28,ПГ-7Л,Кумулятивний,FPV,"Загальна вага - 1540 г. Вибухова речовина - 500 г.",pg7l,
29,ПГ-7ВР,Кумулятивний,FPV,"Загальна вага - 2690 г",pg7vr,
30,"УЯ-У-65-0,8",Кумулятивний,FPV,"Загальна вага - 0,8 кг, маса ВР (с4) - 205 г, Бронепробиття ББМ до 20мм (ударне ядро)",uyau6508,
31,"УЯ-У-65-1,3",Кумулятивний,FPV,"Загальна вага - 1,25 кг, маса ВР (с4) - 300 г, Бронепробиття ББМ до 30мм (ударне ядро)",uyau6513,
32,"УЯ-95-1,5",Кумулятивний,FPV,"Загальна вага - 1,4 кг, маса ВР (ПВВ) - 800 г, Бронепробиття ББМ до 130мм (ударне ядро)",uya9515,
33,РКГ-3,Кумулятивний,FPV,"Загальна вага - 800 г. Вибухова речовина - 500 г.",rkh3800,
34,РКГ-3ЕМ,Осколково-кумулятивний,FPV,"Загальна вага - 2кг, Маса ВР - 500г, Осколкова сорочка - 1250 г",rkh3em,
35,ПТМ-1,Фугасний,FPV,"Загальна вага - 1,6 кг, Вибухова речовина - ПВВ12 - 1100 Г.",ptm115,
36,Термобар-1,Термобаричний,FPV,"Загальна вага - 1 кг",tb1,
37,Термобар-2,Термобаричний,FPV,"Загальна вага - 2 кг",tb2,
38,Терміт-1.4,Запалювальний,FPV,"Загальна вага - 1,4 кг, Запалювальна суміш - Терміт, Тривалість горіння ≈ 1 хв.",zp14,
39,НАПАЛМ-1.5,Запалювальний,FPV,"Загальна вага - 1,5 кг, Запалювальна суміш - напалм",zp1500,
40,НАПАЛМ-2,Запалювальний,FPV,"Загальна вага - 2 кг, Запалювальна суміш - напалм",zp2000,
41,Порошок 2,Вогнегасник,FPV,"Загальна вага - 2 кг",poroshok2,
42,АнЗАЛ-7,Фугасний,Бомбери,"Загальна вага - 7,2 кг, Маса ВР - 6,130 г (Кемікс+Тротил + проміжний C-4)",anzal7,
43,"ФАБ-8,5",Фугасний,Бомбери,"Загальна вага - 8,2 кг, Маса ВР - 6000г (Нітромакс + проміжний C-4) ",fab85,
44,ЗАЛ-5,Фугасний,Бомбери,"Загальна вага - 4,11 кг, Маса ВР - 2,36 кг (Нітромакс + проміжний C-4)",zal5,
45,ЗАЛ-7,Фугасний,Бомбери,"Загальна вага - 8,3 кг, Маса ВР - 5,8 кг (Нітромакс + проміжний C-4)",zal7,
46,ЗАЛ-11,Фугасний,Бомбери,"Загальна вага - 11 кг, Маса ВР - 7,8 кг (Кемікс/ТНТ - 60/40 + проміжний С-4)",zal11,
47,ЗАЛ-14,Фугасний,Бомбери,"Загальна вага - 14 кг, Маса ВР - 10 кг (Нітромакс + проміжний C-4) ",zal14,
48,ТМ-3,Фугасний,Бомбери,"Загальна вага - 8,6 кг(ТМ-62П), 9,8 кг(ТМ-62М), Затримка - 3 с (після удару об землю)",tmskyd,
49,ТМ-30,Фугасний,Бомбери,"Загальна вага - 8 кг, Затримка - 30 с (після скиду з дрона)",tm30,
50,КАРА,Фугасний,Бомбери,"Загальна вага - 5,5 кг, Маса ВР - 2,4 (ТНТ), Протибліндажний викидний фугас. Затримка - 10 с (після скиду з дрона)",karaztp,
51,БПБПЛА-ОФ-1100,Осколковий,Бомбери,"Загальна вага - 1,1 кг, Маса ВР - 125 г, Радіус ураження - 10 м, Кількість осколків - 570 шт",bpbplaof1100,
52,БПБПЛА-ОФ-2500,Осколковий,Бомбери,"Загальна вага - 2,5 кг, Маса ВР - 230 г (Semtex), Радіус ураження - 14 м, кількість осколків - 380 шт",bpbplaof25,
53,БПБПЛА-ОФМ-2500,Осколковий,Бомбери,"Загальна вага - 2,5 кг, Маса ВР - 190 г (Semtex), Радіус ураження до 15 м, кількість осколків - 1000шт.",bpbplaofm25,
54,БПБПЛА-ОК-2500,Осколково-кумулятивний,Бомбери,"Загальна вага - 2,5 кг, Маса ВР - 270 г (Semtex), Радіус ураження - 12 м, Бронепробиття - 120мм",bpbplaok25,
55,БПБПЛА-БЦ-3500,Осколково-кумулятивний,Бомбери,"Загальна вага - 4 кг, Маса ВР - 1,26 кг, Радіус ураження - 20 м, Бронепробиття - 120 мм",bpbplabc3500
56,БПБПЛА-К-3000,Кумулятивний,Бомбери,"Загальна вага - 3,2 кг, Маса ВР - 1,4 кг, Товщина пробиття - 45 см броні, 80 см залізобетону",bpbplak3000
57,"ОАБ-1,5",Осколковий,Бомбери,"Загальна вага - 1.3 кг, Маса осколків - 480 г, Вибухова речовина - 260 г(ОКФОЛ/А-ІХ-1)",oab15,
58,"УАБ-2,0-А",Осколковий,Бомбери,"Загальна вага - 2 кг, Маса осколків - 1012 г, Вибухова речовина - 350 г(Анемікс П)",uab20a,
59,"УАБ-2,5-А",Осколковий,Бомбери,"Загальна вага - 2500 г, Вибухова речовина - 445 г(АНЕМІКС-П)",uab25,
60,УАБ-4.0-А,Осколковий,Бомбери,"Загальна вага - 4 кг, Маса осколків - 2,7 кг, Маса ВР - 510 г (Анемікс П)",uab40,
61,ОГ-Б1,Осколковий,Бомбери,"Загальна вага - 3,1 кг, Вибухова речовина - 755 г",ohb1,
62,ОБ-Д1,Осколковий,Бомбери,"Загальна вага - 3 кг, Маса ВР - 800 г (Тротил), Кількість осколків - 600 шт., Радіус суцільного ураження - 10 м",obd1,
63,МОА-120,Осколковий,Бомбери,"Загальна вага - 1590 г, Вибухова речовина - 120 г(ПВРт-22)",moa120,
64,МОА-400,Осколково-фугасний,Бомбери,"Загальна вага - 4610 г, Вибухова речовина - 1070 г(ПВРт-22)",moa400,
65,МОА-900,Осколково-фугасний,Бомбери,"Загальна вага - 10440 г, Вибухова речовина - 2850 г(ПВРт-22)",moa900,
66,Міна 120 мм,Осколково-фугасний,Бомбери,"Загальна вага - 14,4 кг",mina120,e864f69f3f90e14ccf7cc6d83590ca8e
67,ПГ-7Л Скид,Кумулятивний,Бомбери,"Загальна вага - 1680 г",pg7lskyd,
68,ПГ-7ВР Скид,Кумулятивний,Бомбери,"Загальна вага - 3150 г",pg7vrskyd,
69,КЗ-6,Кумулятивний,Бомбери,"Загальна вага - 3350 г, Маса ВР - 1,8 кг (ТГ-40), Товщина пробиття - 21,5 см броні, 80 см мерзлого грунту, 55 см залізобетону",kz6,
70,КЗ-6М,Кумулятивний,Бомбери,"Загальна вага - 3600 г, Маса ВР - 1,8 кг (ТГА), Товщина пробиття - 21,5 см броні, 50 см залізобетону",kz6m,
71,"ТАБ-1,5",Термобаричний,Бомбери,"Загальна вага - 900 г, Маса термобаричної суміші - 300г",tab15,
72,НАПАЛМ-8,Запалювальний,Бомбери,"Загальна вага - 7,6 кг, Запалювальна суміш - напалм",zp8000,
73,"Дим-15,5",Димовий,Бомбери,"Загальна вага - 15,5 кг, Димовий фосфорний снаряд",dym15,
74,"Порошок 5,5",Вогнегасник,Бомбери,"Загальна вага - 5,5 кг",poroshok55,